,feature_type,y,x,z,block_type,room_name
0,obstruction,60,-2223,-6,gravel,NA
1,obstruction,61,-2223,-6,gravel,NA
2,obstruction,60,-2221,-6,gravel,NA
3,obstruction,61,-2221,-6,gravel,NA
4,obstruction,60,-2223,-5,gravel,NA
5,obstruction,61,-2223,-5,gravel,NA
6,obstruction,60,-2221,-5,gravel,NA
7,obstruction,61,-2221,-5,gravel,NA
8,obstruction,60,-2223,-4,gravel,NA
9,obstruction,61,-2223,-4,gravel,NA
10,obstruction,62,-2223,-4,gravel,NA
11,obstruction,60,-2222,-4,gravel,NA
12,obstruction,61,-2222,-4,gravel,NA
13,obstruction,62,-2222,-4,gravel,NA
14,obstruction,60,-2221,-4,gravel,NA
15,obstruction,61,-2221,-4,gravel,NA
16,obstruction,62,-2221,-4,gravel,NA
17,obstruction,60,-2217,-2,gravel,NA
18,obstruction,61,-2217,-2,gravel,NA
19,obstruction,62,-2217,-2,gravel,NA
20,obstruction,60,-2216,-2,gravel,NA
21,obstruction,61,-2216,-2,gravel,NA
22,obstruction,60,-2143,-1,gravel,NA
23,obstruction,61,-2143,-1,gravel,NA
24,obstruction,62,-2143,-1,gravel,NA
25,obstruction,60,-2142,-1,gravel,NA
26,obstruction,61,-2142,-1,gravel,NA
27,obstruction,60,-2141,-1,gravel,NA
28,obstruction,61,-2141,-1,gravel,NA
29,obstruction,60,-2131,-1,gravel,NA
30,obstruction,61,-2131,-1,gravel,NA
31,obstruction,60,-2129,-1,gravel,NA
32,obstruction,61,-2129,-1,gravel,NA
33,obstruction,60,-2115,-1,gravel,NA
34,obstruction,61,-2115,-1,gravel,NA
35,obstruction,60,-2111,-1,gravel,NA
36,obstruction,61,-2111,-1,gravel,NA
37,obstruction,60,-2204,0,gravel,NA
38,obstruction,61,-2204,0,gravel,NA
39,obstruction,62,-2204,0,gravel,NA
40,obstruction,60,-2195,0,gravel,NA
41,obstruction,61,-2195,0,gravel,NA
42,obstruction,60,-2194,0,gravel,NA
43,obstruction,61,-2194,0,gravel,NA
44,obstruction,60,-2193,0,gravel,NA
45,obstruction,61,-2193,0,gravel,NA
46,obstruction,60,-2182,0,gravel,NA
47,obstruction,61,-2182,0,gravel,NA
48,obstruction,60,-2178,0,gravel,NA
49,obstruction,61,-2178,0,gravel,NA
50,obstruction,60,-2143,0,gravel,NA
51,obstruction,61,-2143,0,gravel,NA
52,obstruction,62,-2143,0,gravel,NA
53,obstruction,60,-2141,0,gravel,NA
54,obstruction,61,-2141,0,gravel,NA
55,obstruction,60,-2131,0,gravel,NA
56,obstruction,61,-2131,0,gravel,NA
57,obstruction,60,-2130,0,gravel,NA
58,obstruction,61,-2130,0,gravel,NA
59,obstruction,62,-2130,0,gravel,NA
60,obstruction,60,-2129,0,gravel,NA
61,obstruction,61,-2129,0,gravel,NA
62,obstruction,62,-2129,0,gravel,NA
63,obstruction,60,-2115,0,gravel,NA
64,obstruction,61,-2115,0,gravel,NA
65,obstruction,60,-2114,0,gravel,NA
66,obstruction,61,-2114,0,gravel,NA
67,obstruction,62,-2114,0,gravel,NA
68,obstruction,60,-2113,0,gravel,NA
69,obstruction,61,-2113,0,gravel,NA
70,obstruction,62,-2113,0,gravel,NA
71,obstruction,60,-2112,0,gravel,NA
72,obstruction,61,-2112,0,gravel,NA
73,obstruction,62,-2112,0,gravel,NA
74,obstruction,60,-2111,0,gravel,NA
75,obstruction,61,-2111,0,gravel,NA
76,obstruction,60,-2206,1,gravel,NA
77,obstruction,61,-2206,1,gravel,NA
78,obstruction,60,-2204,1,gravel,NA
79,obstruction,61,-2204,1,gravel,NA
80,obstruction,62,-2204,1,gravel,NA
81,obstruction,60,-2195,1,gravel,NA
82,obstruction,61,-2195,1,gravel,NA
83,obstruction,60,-2182,1,gravel,NA
84,obstruction,61,-2182,1,gravel,NA
85,obstruction,62,-2182,1,gravel,NA
86,obstruction,60,-2181,1,gravel,NA
87,obstruction,61,-2181,1,gravel,NA
88,obstruction,62,-2181,1,gravel,NA
89,obstruction,60,-2180,1,gravel,NA
90,obstruction,61,-2180,1,gravel,NA
91,obstruction,60,-2179,1,gravel,NA
92,obstruction,61,-2179,1,gravel,NA
93,obstruction,60,-2178,1,gravel,NA
94,obstruction,61,-2178,1,gravel,NA
95,obstruction,60,-2143,1,gravel,NA
96,obstruction,61,-2143,1,gravel,NA
97,obstruction,62,-2143,1,gravel,NA
98,obstruction,60,-2142,1,gravel,NA
99,obstruction,61,-2142,1,gravel,NA
100,obstruction,60,-2141,1,gravel,NA
101,obstruction,61,-2141,1,gravel,NA
102,obstruction,60,-2206,2,gravel,NA
103,obstruction,61,-2206,2,gravel,NA
104,obstruction,60,-2204,2,gravel,NA
105,obstruction,61,-2204,2,gravel,NA
106,obstruction,62,-2204,2,gravel,NA
107,obstruction,60,-2195,2,gravel,NA
108,obstruction,61,-2195,2,gravel,NA
109,obstruction,62,-2195,2,gravel,NA
110,obstruction,60,-2194,2,gravel,NA
111,obstruction,61,-2194,2,gravel,NA
112,obstruction,62,-2194,2,gravel,NA
113,obstruction,60,-2173,2,gravel,NA
114,obstruction,61,-2173,2,gravel,NA
115,obstruction,62,-2173,2,gravel,NA
116,obstruction,60,-2172,2,gravel,NA
117,obstruction,61,-2172,2,gravel,NA
118,obstruction,60,-2171,2,gravel,NA
119,obstruction,61,-2171,2,gravel,NA
120,obstruction,60,-2206,3,gravel,NA
121,obstruction,61,-2206,3,gravel,NA
122,obstruction,60,-2205,3,gravel,NA
123,obstruction,61,-2205,3,gravel,NA
124,obstruction,60,-2204,3,gravel,NA
125,obstruction,61,-2204,3,gravel,NA
126,obstruction,60,-2173,3,gravel,NA
127,obstruction,61,-2173,3,gravel,NA
128,obstruction,62,-2173,3,gravel,NA
129,obstruction,60,-2171,3,gravel,NA
130,obstruction,61,-2171,3,gravel,NA
131,obstruction,60,-2147,5,gravel,NA
132,obstruction,61,-2147,5,gravel,NA
133,obstruction,62,-2147,5,gravel,NA
134,obstruction,60,-2146,5,gravel,NA
135,obstruction,61,-2146,5,gravel,NA
136,obstruction,60,-2145,5,gravel,NA
137,obstruction,61,-2145,5,gravel,NA
138,obstruction,60,-2147,6,gravel,NA
139,obstruction,61,-2147,6,gravel,NA
140,obstruction,62,-2147,6,gravel,NA
141,obstruction,60,-2145,6,gravel,NA
142,obstruction,61,-2145,6,gravel,NA
143,obstruction,60,-2179,7,gravel,NA
144,obstruction,61,-2179,7,gravel,NA
145,obstruction,60,-2147,7,gravel,NA
146,obstruction,61,-2147,7,gravel,NA
147,obstruction,62,-2147,7,gravel,NA
148,obstruction,60,-2146,7,gravel,NA
149,obstruction,61,-2146,7,gravel,NA
150,obstruction,60,-2145,7,gravel,NA
151,obstruction,61,-2145,7,gravel,NA
152,obstruction,60,-2181,8,gravel,NA
153,obstruction,61,-2181,8,gravel,NA
154,obstruction,60,-2180,8,gravel,NA
155,obstruction,61,-2180,8,gravel,NA
156,obstruction,60,-2179,8,gravel,NA
157,obstruction,61,-2179,8,gravel,NA
158,obstruction,60,-2172,8,gravel,NA
159,obstruction,61,-2172,8,gravel,NA
160,obstruction,60,-2163,8,gravel,NA
161,obstruction,61,-2163,8,gravel,NA
162,obstruction,62,-2163,8,gravel,NA
163,obstruction,60,-2138,8,gravel,NA
164,obstruction,61,-2138,8,gravel,NA
165,obstruction,60,-2137,8,gravel,NA
166,obstruction,61,-2137,8,gravel,NA
167,obstruction,60,-2098,8,gravel,NA
168,obstruction,61,-2098,8,gravel,NA
169,obstruction,60,-2097,8,gravel,NA
170,obstruction,61,-2097,8,gravel,NA
171,obstruction,60,-2096,8,gravel,NA
172,obstruction,61,-2096,8,gravel,NA
173,obstruction,60,-2095,8,gravel,NA
174,obstruction,61,-2095,8,gravel,NA
175,obstruction,60,-2094,8,gravel,NA
176,obstruction,61,-2094,8,gravel,NA
177,obstruction,62,-2094,8,gravel,NA
178,obstruction,60,-2093,8,gravel,NA
179,obstruction,61,-2093,8,gravel,NA
180,obstruction,62,-2093,8,gravel,NA
181,obstruction,60,-2092,8,gravel,NA
182,obstruction,61,-2092,8,gravel,NA
183,obstruction,62,-2092,8,gravel,NA
184,obstruction,60,-2138,9,gravel,NA
185,obstruction,61,-2138,9,gravel,NA
186,obstruction,60,-2098,9,gravel,NA
187,obstruction,60,-2138,10,gravel,NA
188,obstruction,61,-2138,10,gravel,NA
189,obstruction,60,-2089,10,gravel,NA
190,obstruction,61,-2089,10,gravel,NA
191,obstruction,62,-2089,10,gravel,NA
192,obstruction,60,-2138,11,gravel,NA
193,obstruction,61,-2138,11,gravel,NA
194,obstruction,60,-2137,11,gravel,NA
195,obstruction,61,-2137,11,gravel,NA
196,obstruction,60,-2089,11,gravel,NA
197,obstruction,61,-2089,11,gravel,NA
198,obstruction,62,-2089,11,gravel,NA
199,obstruction,60,-2157,12,gravel,NA
200,obstruction,60,-2156,12,gravel,NA
201,obstruction,60,-2155,12,gravel,NA
202,obstruction,60,-2133,12,gravel,NA
203,obstruction,61,-2133,12,gravel,NA
204,obstruction,60,-2131,12,gravel,NA
205,obstruction,61,-2131,12,gravel,NA
206,obstruction,60,-2089,12,gravel,NA
207,obstruction,61,-2089,12,gravel,NA
208,obstruction,60,-2133,13,gravel,NA
209,obstruction,61,-2133,13,gravel,NA
210,obstruction,60,-2131,13,gravel,NA
211,obstruction,61,-2131,13,gravel,NA
212,obstruction,60,-2114,13,gravel,NA
213,obstruction,61,-2114,13,gravel,NA
214,obstruction,60,-2089,13,gravel,NA
215,obstruction,61,-2089,13,gravel,NA
216,obstruction,60,-2088,13,gravel,NA
217,obstruction,61,-2088,13,gravel,NA
218,obstruction,60,-2169,14,gravel,NA
219,obstruction,61,-2169,14,gravel,NA
220,obstruction,60,-2133,14,gravel,NA
221,obstruction,61,-2133,14,gravel,NA
222,obstruction,60,-2132,14,gravel,NA
223,obstruction,61,-2132,14,gravel,NA
224,obstruction,60,-2131,14,gravel,NA
225,obstruction,61,-2131,14,gravel,NA
226,obstruction,60,-2127,14,gravel,NA
227,obstruction,61,-2127,14,gravel,NA
228,obstruction,60,-2126,14,gravel,NA
229,obstruction,61,-2126,14,gravel,NA
230,obstruction,60,-2125,14,gravel,NA
231,obstruction,61,-2125,14,gravel,NA
232,obstruction,60,-2114,14,gravel,NA
233,obstruction,61,-2114,14,gravel,NA
234,obstruction,60,-2179,15,gravel,NA
235,obstruction,61,-2179,15,gravel,NA
236,obstruction,62,-2179,15,gravel,NA
237,obstruction,60,-2178,15,gravel,NA
238,obstruction,61,-2178,15,gravel,NA
239,obstruction,62,-2178,15,gravel,NA
240,obstruction,60,-2177,15,gravel,NA
241,obstruction,61,-2177,15,gravel,NA
242,obstruction,60,-2176,15,gravel,NA
243,obstruction,61,-2176,15,gravel,NA
244,obstruction,60,-2169,15,gravel,NA
245,obstruction,61,-2169,15,gravel,NA
246,obstruction,60,-2168,15,gravel,NA
247,obstruction,61,-2168,15,gravel,NA
248,obstruction,60,-2127,15,gravel,NA
249,obstruction,61,-2127,15,gravel,NA
250,obstruction,60,-2115,15,gravel,NA
251,obstruction,60,-2114,15,gravel,NA
252,obstruction,61,-2114,15,gravel,NA
253,obstruction,60,-2127,16,gravel,NA
254,obstruction,61,-2127,16,gravel,NA
255,obstruction,60,-2115,16,gravel,NA
256,obstruction,61,-2115,16,gravel,NA
257,obstruction,60,-2114,16,gravel,NA
258,obstruction,61,-2114,16,gravel,NA
259,obstruction,60,-2157,17,gravel,NA
260,obstruction,60,-2156,17,gravel,NA
261,obstruction,60,-2155,17,gravel,NA
262,obstruction,60,-2127,17,gravel,NA
263,obstruction,61,-2127,17,gravel,NA
264,obstruction,60,-2126,17,gravel,NA
265,obstruction,61,-2126,17,gravel,NA
266,obstruction,60,-2125,17,gravel,NA
267,obstruction,61,-2125,17,gravel,NA
268,obstruction,60,-2124,17,gravel,NA
269,obstruction,61,-2124,17,gravel,NA
270,obstruction,60,-2109,22,gravel,NA
271,obstruction,61,-2109,22,gravel,NA
272,obstruction,60,-2109,23,gravel,NA
273,obstruction,61,-2109,23,gravel,NA
274,obstruction,60,-2107,23,gravel,NA
275,obstruction,61,-2107,23,gravel,NA
276,obstruction,60,-2109,24,gravel,NA
277,obstruction,61,-2109,24,gravel,NA
278,obstruction,62,-2109,24,gravel,NA
279,obstruction,60,-2108,24,gravel,NA
280,obstruction,61,-2108,24,gravel,NA
281,obstruction,62,-2108,24,gravel,NA
282,obstruction,60,-2107,24,gravel,NA
283,obstruction,61,-2107,24,gravel,NA
284,obstruction,62,-2107,24,gravel,NA
285,obstruction,60,-2209,26,gravel,NA
286,obstruction,61,-2209,26,gravel,NA
287,obstruction,62,-2209,26,gravel,NA
288,obstruction,60,-2208,26,gravel,NA
289,obstruction,61,-2208,26,gravel,NA
290,obstruction,62,-2208,26,gravel,NA
291,obstruction,60,-2207,26,gravel,NA
292,obstruction,61,-2207,26,gravel,NA
293,obstruction,60,-2157,26,gravel,NA
294,obstruction,60,-2156,26,gravel,NA
295,obstruction,60,-2155,26,gravel,NA
296,obstruction,60,-2132,26,gravel,NA
297,obstruction,61,-2132,26,gravel,NA
298,obstruction,60,-2209,27,gravel,NA
299,obstruction,61,-2209,27,gravel,NA
300,obstruction,62,-2209,27,gravel,NA
301,obstruction,60,-2207,27,gravel,NA
302,obstruction,61,-2207,27,gravel,NA
303,obstruction,60,-2132,27,gravel,NA
304,obstruction,61,-2132,27,gravel,NA
305,obstruction,60,-2132,28,gravel,NA
306,obstruction,61,-2132,28,gravel,NA
307,obstruction,60,-2183,29,gravel,NA
308,obstruction,61,-2183,29,gravel,NA
309,obstruction,60,-2182,29,gravel,NA
310,obstruction,61,-2182,29,gravel,NA
311,obstruction,60,-2162,29,gravel,NA
312,obstruction,61,-2162,29,gravel,NA
313,obstruction,62,-2162,29,gravel,NA
314,obstruction,60,-2132,29,gravel,NA
315,obstruction,61,-2132,29,gravel,NA
316,obstruction,60,-2131,29,gravel,NA
317,obstruction,61,-2131,29,gravel,NA
318,obstruction,60,-2097,29,gravel,NA
319,obstruction,61,-2097,29,gravel,NA
320,obstruction,60,-2094,29,gravel,NA
321,obstruction,61,-2094,29,gravel,NA
322,obstruction,60,-2182,30,gravel,NA
323,obstruction,61,-2182,30,gravel,NA
324,obstruction,60,-2167,30,gravel,NA
325,obstruction,61,-2167,30,gravel,NA
326,obstruction,62,-2167,30,gravel,NA
327,obstruction,60,-2131,30,gravel,NA
328,obstruction,61,-2131,30,gravel,NA
329,obstruction,60,-2113,30,gravel,NA
330,obstruction,61,-2113,30,gravel,NA
331,obstruction,62,-2113,30,gravel,NA
332,obstruction,60,-2112,30,gravel,NA
333,obstruction,61,-2112,30,gravel,NA
334,obstruction,60,-2111,30,gravel,NA
335,obstruction,61,-2111,30,gravel,NA
336,obstruction,60,-2097,30,gravel,NA
337,obstruction,61,-2097,30,gravel,NA
338,obstruction,60,-2094,30,gravel,NA
339,obstruction,61,-2094,30,gravel,NA
340,obstruction,60,-2089,30,gravel,NA
341,obstruction,61,-2089,30,gravel,NA
342,obstruction,60,-2199,31,gravel,NA
343,obstruction,61,-2199,31,gravel,NA
344,obstruction,62,-2199,31,gravel,NA
345,obstruction,60,-2198,31,gravel,NA
346,obstruction,61,-2198,31,gravel,NA
347,obstruction,62,-2198,31,gravel,NA
348,obstruction,60,-2183,31,gravel,NA
349,obstruction,61,-2183,31,gravel,NA
350,obstruction,60,-2182,31,gravel,NA
351,obstruction,61,-2182,31,gravel,NA
352,obstruction,60,-2131,31,gravel,NA
353,obstruction,61,-2131,31,gravel,NA
354,obstruction,60,-2113,31,gravel,NA
355,obstruction,61,-2113,31,gravel,NA
356,obstruction,62,-2113,31,gravel,NA
357,obstruction,60,-2111,31,gravel,NA
358,obstruction,61,-2111,31,gravel,NA
359,obstruction,60,-2097,31,gravel,NA
360,obstruction,61,-2097,31,gravel,NA
361,obstruction,62,-2097,31,gravel,NA
362,obstruction,60,-2096,31,gravel,NA
363,obstruction,61,-2096,31,gravel,NA
364,obstruction,62,-2096,31,gravel,NA
365,obstruction,60,-2095,31,gravel,NA
366,obstruction,61,-2095,31,gravel,NA
367,obstruction,62,-2095,31,gravel,NA
368,obstruction,60,-2094,31,gravel,NA
369,obstruction,61,-2094,31,gravel,NA
370,obstruction,62,-2094,31,gravel,NA
371,obstruction,60,-2089,31,gravel,NA
372,obstruction,61,-2089,31,gravel,NA
373,obstruction,60,-2198,32,gravel,NA
374,obstruction,61,-2198,32,gravel,NA
375,obstruction,60,-2089,32,gravel,NA
376,obstruction,61,-2089,32,gravel,NA
377,obstruction,60,-2209,33,gravel,NA
378,obstruction,61,-2209,33,gravel,NA
379,obstruction,62,-2209,33,gravel,NA
380,obstruction,60,-2208,33,gravel,NA
381,obstruction,61,-2208,33,gravel,NA
382,obstruction,62,-2208,33,gravel,NA
383,obstruction,60,-2199,33,gravel,NA
384,obstruction,61,-2199,33,gravel,NA
385,obstruction,62,-2199,33,gravel,NA
386,obstruction,60,-2198,33,gravel,NA
387,obstruction,61,-2198,33,gravel,NA
388,obstruction,60,-2140,33,gravel,NA
389,obstruction,61,-2140,33,gravel,NA
390,obstruction,62,-2140,33,gravel,NA
391,obstruction,60,-2139,33,gravel,NA
392,obstruction,61,-2139,33,gravel,NA
393,obstruction,62,-2139,33,gravel,NA
394,obstruction,60,-2138,33,gravel,NA
395,obstruction,61,-2138,33,gravel,NA
396,obstruction,60,-2090,33,gravel,NA
397,obstruction,61,-2090,33,gravel,NA
398,obstruction,62,-2090,33,gravel,NA
399,obstruction,60,-2089,33,gravel,NA
400,obstruction,61,-2089,33,gravel,NA
401,obstruction,62,-2089,33,gravel,NA
402,obstruction,60,-2202,34,gravel,NA
403,obstruction,61,-2202,34,gravel,NA
404,obstruction,62,-2202,34,gravel,NA
405,obstruction,60,-2140,34,gravel,NA
406,obstruction,61,-2140,34,gravel,NA
407,obstruction,62,-2140,34,gravel,NA
408,obstruction,60,-2138,34,gravel,NA
409,obstruction,61,-2138,34,gravel,NA
410,obstruction,60,-2125,34,gravel,NA
411,obstruction,61,-2125,34,gravel,NA
412,obstruction,60,-2124,34,gravel,NA
413,obstruction,61,-2124,34,gravel,NA
414,obstruction,60,-2109,34,gravel,NA
415,obstruction,61,-2109,34,gravel,NA
416,obstruction,60,-2108,34,gravel,NA
417,obstruction,61,-2108,34,gravel,NA
418,obstruction,60,-2173,35,gravel,NA
419,obstruction,61,-2173,35,gravel,NA
420,obstruction,60,-2172,35,gravel,NA
421,obstruction,61,-2172,35,gravel,NA
422,obstruction,62,-2172,35,gravel,NA
423,obstruction,60,-2171,35,gravel,NA
424,obstruction,61,-2171,35,gravel,NA
425,obstruction,62,-2171,35,gravel,NA
426,obstruction,60,-2156,35,gravel,NA
427,obstruction,61,-2156,35,gravel,NA
428,obstruction,62,-2156,35,gravel,NA
429,obstruction,60,-2155,35,gravel,NA
430,obstruction,61,-2155,35,gravel,NA
431,obstruction,62,-2155,35,gravel,NA
432,obstruction,60,-2154,35,gravel,NA
433,obstruction,61,-2154,35,gravel,NA
434,obstruction,60,-2140,35,gravel,NA
435,obstruction,61,-2140,35,gravel,NA
436,obstruction,62,-2140,35,gravel,NA
437,obstruction,60,-2139,35,gravel,NA
438,obstruction,60,-2138,35,gravel,NA
439,obstruction,61,-2138,35,gravel,NA
440,obstruction,60,-2125,35,gravel,NA
441,obstruction,61,-2125,35,gravel,NA
442,obstruction,60,-2108,35,gravel,NA
443,obstruction,61,-2108,35,gravel,NA
444,obstruction,60,-2099,35,gravel,NA
445,obstruction,61,-2099,35,gravel,NA
446,obstruction,62,-2099,35,gravel,NA
447,obstruction,60,-2098,35,gravel,NA
448,obstruction,61,-2098,35,gravel,NA
449,obstruction,62,-2098,35,gravel,NA
450,obstruction,60,-2097,35,gravel,NA
451,obstruction,61,-2097,35,gravel,NA
452,obstruction,62,-2097,35,gravel,NA
453,obstruction,60,-2096,35,gravel,NA
454,obstruction,61,-2096,35,gravel,NA
455,obstruction,60,-2095,35,gravel,NA
456,obstruction,61,-2095,35,gravel,NA
457,obstruction,60,-2094,35,gravel,NA
458,obstruction,61,-2094,35,gravel,NA
459,obstruction,60,-2203,36,gravel,NA
460,obstruction,61,-2203,36,gravel,NA
461,obstruction,60,-2202,36,gravel,NA
462,obstruction,61,-2202,36,gravel,NA
463,obstruction,60,-2192,36,gravel,NA
464,obstruction,61,-2192,36,gravel,NA
465,obstruction,60,-2173,36,gravel,NA
466,obstruction,61,-2173,36,gravel,NA
467,obstruction,62,-2173,36,gravel,NA
468,obstruction,60,-2171,36,gravel,NA
469,obstruction,61,-2171,36,gravel,NA
470,obstruction,62,-2171,36,gravel,NA
471,obstruction,60,-2165,36,gravel,NA
472,obstruction,61,-2165,36,gravel,NA
473,obstruction,60,-2156,36,gravel,NA
474,obstruction,61,-2156,36,gravel,NA
475,obstruction,62,-2156,36,gravel,NA
476,obstruction,60,-2154,36,gravel,NA
477,obstruction,61,-2154,36,gravel,NA
478,obstruction,60,-2125,36,gravel,NA
479,obstruction,61,-2125,36,gravel,NA
480,obstruction,62,-2125,36,gravel,NA
481,obstruction,60,-2124,36,gravel,NA
482,obstruction,61,-2124,36,gravel,NA
483,obstruction,62,-2124,36,gravel,NA
484,obstruction,60,-2108,36,gravel,NA
485,obstruction,61,-2108,36,gravel,NA
486,obstruction,62,-2108,36,gravel,NA
487,obstruction,60,-2209,37,gravel,NA
488,obstruction,61,-2209,37,gravel,NA
489,obstruction,60,-2208,37,gravel,NA
490,obstruction,61,-2208,37,gravel,NA
491,obstruction,60,-2173,37,gravel,NA
492,obstruction,61,-2173,37,gravel,NA
493,obstruction,62,-2173,37,gravel,NA
494,obstruction,60,-2172,37,gravel,NA
495,obstruction,61,-2172,37,gravel,NA
496,obstruction,62,-2172,37,gravel,NA
497,obstruction,60,-2171,37,gravel,NA
498,obstruction,61,-2171,37,gravel,NA
499,obstruction,60,-2167,37,gravel,NA
500,obstruction,61,-2167,37,gravel,NA
501,obstruction,62,-2167,37,gravel,NA
502,obstruction,60,-2165,37,gravel,NA
503,obstruction,61,-2165,37,gravel,NA
504,obstruction,60,-2156,37,gravel,NA
505,obstruction,61,-2156,37,gravel,NA
506,obstruction,62,-2156,37,gravel,NA
507,obstruction,60,-2155,37,gravel,NA
508,obstruction,61,-2155,37,gravel,NA
509,obstruction,62,-2155,37,gravel,NA
510,obstruction,60,-2154,37,gravel,NA
511,obstruction,61,-2154,37,gravel,NA
512,obstruction,60,-2109,37,gravel,NA
513,obstruction,61,-2109,37,gravel,NA
514,obstruction,62,-2109,37,gravel,NA
515,obstruction,60,-2108,37,gravel,NA
516,obstruction,61,-2108,37,gravel,NA
517,obstruction,62,-2108,37,gravel,NA
518,obstruction,60,-2173,38,gravel,NA
519,obstruction,61,-2173,38,gravel,NA
520,obstruction,62,-2173,38,gravel,NA
521,obstruction,60,-2171,38,gravel,NA
522,obstruction,61,-2171,38,gravel,NA
523,obstruction,62,-2171,38,gravel,NA
524,obstruction,60,-2167,38,gravel,NA
525,obstruction,61,-2167,38,gravel,NA
526,obstruction,62,-2167,38,gravel,NA
527,obstruction,60,-2165,38,gravel,NA
528,obstruction,61,-2165,38,gravel,NA
529,obstruction,60,-2143,38,gravel,NA
530,obstruction,61,-2143,38,gravel,NA
531,obstruction,60,-2173,39,gravel,NA
532,obstruction,61,-2173,39,gravel,NA
533,obstruction,62,-2173,39,gravel,NA
534,obstruction,60,-2167,39,gravel,NA
535,obstruction,61,-2167,39,gravel,NA
536,obstruction,62,-2167,39,gravel,NA
537,obstruction,60,-2166,39,gravel,NA
538,obstruction,61,-2166,39,gravel,NA
539,obstruction,62,-2166,39,gravel,NA
540,obstruction,60,-2165,39,gravel,NA
541,obstruction,61,-2165,39,gravel,NA
542,obstruction,60,-2143,39,gravel,NA
543,obstruction,61,-2143,39,gravel,NA
544,obstruction,60,-2115,39,gravel,NA
545,obstruction,61,-2115,39,gravel,NA
546,obstruction,60,-2173,40,gravel,NA
547,obstruction,61,-2173,40,gravel,NA
548,obstruction,62,-2173,40,gravel,NA
549,obstruction,60,-2171,40,gravel,NA
550,obstruction,61,-2171,40,gravel,NA
551,obstruction,62,-2171,40,gravel,NA
552,obstruction,60,-2143,40,gravel,NA
553,obstruction,61,-2143,40,gravel,NA
554,obstruction,60,-2142,40,gravel,NA
555,obstruction,61,-2142,40,gravel,NA
556,obstruction,60,-2138,40,gravel,NA
557,obstruction,61,-2138,40,gravel,NA
558,obstruction,60,-2115,40,gravel,NA
559,obstruction,61,-2115,40,gravel,NA
560,obstruction,60,-2099,40,gravel,NA
561,obstruction,61,-2099,40,gravel,NA
562,obstruction,60,-2098,40,gravel,NA
563,obstruction,61,-2098,40,gravel,NA
564,obstruction,60,-2097,40,gravel,NA
565,obstruction,61,-2097,40,gravel,NA
566,obstruction,60,-2096,40,gravel,NA
567,obstruction,61,-2096,40,gravel,NA
568,obstruction,62,-2096,40,gravel,NA
569,obstruction,60,-2139,41,gravel,NA
570,obstruction,61,-2139,41,gravel,NA
571,obstruction,60,-2138,41,gravel,NA
572,obstruction,61,-2138,41,gravel,NA
573,obstruction,60,-2133,41,gravel,NA
574,obstruction,61,-2133,41,gravel,NA
575,obstruction,60,-2132,41,gravel,NA
576,obstruction,61,-2132,41,gravel,NA
577,obstruction,62,-2132,41,gravel,NA
578,obstruction,60,-2131,41,gravel,NA
579,obstruction,61,-2131,41,gravel,NA
580,obstruction,62,-2131,41,gravel,NA
581,obstruction,60,-2115,41,gravel,NA
582,obstruction,61,-2115,41,gravel,NA
583,obstruction,60,-2099,41,gravel,NA
584,obstruction,61,-2099,41,gravel,NA
585,obstruction,60,-2096,41,gravel,NA
586,obstruction,61,-2096,41,gravel,NA
587,obstruction,62,-2096,41,gravel,NA
588,obstruction,60,-2179,42,gravel,NA
589,obstruction,61,-2179,42,gravel,NA
590,obstruction,62,-2179,42,gravel,NA
591,obstruction,60,-2139,42,gravel,NA
592,obstruction,61,-2139,42,gravel,NA
593,obstruction,60,-2138,42,gravel,NA
594,obstruction,61,-2138,42,gravel,NA
595,obstruction,60,-2099,42,gravel,NA
596,obstruction,61,-2099,42,gravel,NA
597,obstruction,60,-2096,42,gravel,NA
598,obstruction,61,-2096,42,gravel,NA
599,obstruction,62,-2096,42,gravel,NA
600,obstruction,60,-2181,43,gravel,NA
601,obstruction,61,-2181,43,gravel,NA
602,obstruction,60,-2180,43,gravel,NA
603,obstruction,61,-2180,43,gravel,NA
604,obstruction,62,-2180,43,gravel,NA
605,obstruction,60,-2179,43,gravel,NA
606,obstruction,61,-2179,43,gravel,NA
607,obstruction,62,-2179,43,gravel,NA
608,obstruction,60,-2139,43,gravel,NA
609,obstruction,61,-2139,43,gravel,NA
610,obstruction,60,-2138,43,gravel,NA
611,obstruction,61,-2138,43,gravel,NA
612,obstruction,60,-2097,43,gravel,NA
613,obstruction,61,-2097,43,gravel,NA
614,obstruction,60,-2096,43,gravel,NA
615,obstruction,61,-2096,43,gravel,NA
616,obstruction,60,-2169,44,gravel,NA
617,obstruction,61,-2169,44,gravel,NA
618,obstruction,62,-2169,44,gravel,NA
619,obstruction,60,-2167,44,gravel,NA
620,obstruction,61,-2167,44,gravel,NA
621,obstruction,60,-2169,45,gravel,NA
622,obstruction,61,-2169,45,gravel,NA
623,obstruction,62,-2169,45,gravel,NA
624,obstruction,60,-2168,45,gravel,NA
625,obstruction,61,-2168,45,gravel,NA
626,obstruction,60,-2167,45,gravel,NA
627,obstruction,61,-2167,45,gravel,NA
628,obstruction,62,-2167,45,gravel,NA
629,obstruction,60,-2113,45,gravel,NA
630,obstruction,61,-2113,45,gravel,NA
631,obstruction,60,-2127,46,gravel,NA
632,obstruction,61,-2127,46,gravel,NA
633,obstruction,60,-2124,46,gravel,NA
634,obstruction,61,-2124,46,gravel,NA
635,obstruction,60,-2113,46,gravel,NA
636,obstruction,61,-2113,46,gravel,NA
637,obstruction,60,-2222,47,gravel,NA
638,obstruction,61,-2222,47,gravel,NA
639,obstruction,62,-2222,47,gravel,NA
640,obstruction,60,-2198,47,gravel,NA
641,obstruction,61,-2198,47,gravel,NA
642,obstruction,60,-2197,47,gravel,NA
643,obstruction,61,-2197,47,gravel,NA
644,obstruction,62,-2197,47,gravel,NA
645,obstruction,60,-2196,47,gravel,NA
646,obstruction,61,-2196,47,gravel,NA
647,obstruction,60,-2161,47,gravel,NA
648,obstruction,61,-2161,47,gravel,NA
649,obstruction,62,-2161,47,gravel,NA
650,obstruction,60,-2149,47,gravel,NA
651,obstruction,61,-2149,47,gravel,NA
652,obstruction,60,-2148,47,gravel,NA
653,obstruction,61,-2148,47,gravel,NA
654,obstruction,60,-2147,47,gravel,NA
655,obstruction,61,-2147,47,gravel,NA
656,obstruction,60,-2127,47,gravel,NA
657,obstruction,61,-2127,47,gravel,NA
658,obstruction,60,-2124,47,gravel,NA
659,obstruction,61,-2124,47,gravel,NA
660,obstruction,60,-2115,47,gravel,NA
661,obstruction,61,-2115,47,gravel,NA
662,obstruction,62,-2115,47,gravel,NA
663,obstruction,60,-2114,47,gravel,NA
664,obstruction,61,-2114,47,gravel,NA
665,obstruction,62,-2114,47,gravel,NA
666,obstruction,60,-2113,47,gravel,NA
667,obstruction,61,-2113,47,gravel,NA
668,obstruction,62,-2113,47,gravel,NA
669,obstruction,60,-2098,47,gravel,NA
670,obstruction,61,-2098,47,gravel,NA
671,obstruction,60,-2222,48,gravel,NA
672,obstruction,61,-2222,48,gravel,NA
673,obstruction,62,-2222,48,gravel,NA
674,obstruction,60,-2147,48,gravel,NA
675,obstruction,61,-2147,48,gravel,NA
676,obstruction,60,-2127,48,gravel,NA
677,obstruction,61,-2127,48,gravel,NA
678,obstruction,62,-2127,48,gravel,NA
679,obstruction,60,-2126,48,gravel,NA
680,obstruction,61,-2126,48,gravel,NA
681,obstruction,62,-2126,48,gravel,NA
682,obstruction,60,-2125,48,gravel,NA
683,obstruction,61,-2125,48,gravel,NA
684,obstruction,62,-2125,48,gravel,NA
685,obstruction,60,-2124,48,gravel,NA
686,obstruction,61,-2124,48,gravel,NA
687,obstruction,62,-2124,48,gravel,NA
688,obstruction,60,-2098,48,gravel,NA
689,obstruction,61,-2098,48,gravel,NA
690,obstruction,60,-2223,49,gravel,NA
691,obstruction,61,-2223,49,gravel,NA
692,obstruction,60,-2222,49,gravel,NA
693,obstruction,61,-2222,49,gravel,NA
694,obstruction,62,-2222,49,gravel,NA
695,obstruction,60,-2147,49,gravel,NA
696,obstruction,61,-2147,49,gravel,NA
697,obstruction,60,-2099,49,gravel,NA
698,obstruction,61,-2099,49,gravel,NA
699,obstruction,62,-2099,49,gravel,NA
700,obstruction,60,-2098,49,gravel,NA
701,obstruction,61,-2098,49,gravel,NA
702,obstruction,62,-2098,49,gravel,NA
703,obstruction,60,-2223,50,gravel,NA
704,obstruction,61,-2223,50,gravel,NA
705,obstruction,60,-2222,50,gravel,NA
706,obstruction,61,-2222,50,gravel,NA
707,obstruction,60,-2147,50,gravel,NA
708,obstruction,61,-2147,50,gravel,NA
709,obstruction,60,-2109,50,gravel,NA
710,obstruction,61,-2109,50,gravel,NA
711,obstruction,62,-2109,50,gravel,NA
712,obstruction,60,-2108,50,gravel,NA
713,obstruction,61,-2108,50,gravel,NA
714,obstruction,62,-2108,50,gravel,NA
715,obstruction,60,-2147,51,gravel,NA
716,obstruction,61,-2147,51,gravel,NA
717,obstruction,60,-2108,51,gravel,NA
718,obstruction,61,-2108,51,gravel,NA
719,obstruction,60,-2147,52,gravel,NA
720,obstruction,61,-2147,52,gravel,NA
721,obstruction,60,-2108,52,gravel,NA
722,obstruction,61,-2108,52,gravel,NA
723,obstruction,60,-2206,53,gravel,NA
724,obstruction,61,-2206,53,gravel,NA
725,obstruction,60,-2205,53,gravel,NA
726,obstruction,61,-2205,53,gravel,NA
727,obstruction,60,-2204,53,gravel,NA
728,obstruction,61,-2204,53,gravel,NA
729,obstruction,62,-2204,53,gravel,NA
730,obstruction,60,-2203,53,gravel,NA
731,obstruction,61,-2203,53,gravel,NA
732,obstruction,60,-2184,53,gravel,NA
733,obstruction,61,-2184,53,gravel,NA
734,obstruction,60,-2147,53,gravel,NA
735,obstruction,61,-2147,53,gravel,NA
736,obstruction,60,-2129,55,gravel,NA
737,obstruction,61,-2129,55,gravel,NA
738,obstruction,60,-2127,55,gravel,NA
739,obstruction,61,-2127,55,gravel,NA
740,obstruction,62,-2127,55,gravel,NA
741,obstruction,60,-2125,55,gravel,NA
742,obstruction,61,-2125,55,gravel,NA
743,obstruction,60,-2114,55,gravel,NA
744,obstruction,61,-2114,55,gravel,NA
745,obstruction,62,-2114,55,gravel,NA
746,obstruction,60,-2112,55,gravel,NA
747,obstruction,61,-2112,55,gravel,NA
748,obstruction,60,-2131,56,gravel,NA
749,obstruction,61,-2131,56,gravel,NA
750,obstruction,60,-2129,56,gravel,NA
751,obstruction,61,-2129,56,gravel,NA
752,obstruction,60,-2127,56,gravel,NA
753,obstruction,61,-2127,56,gravel,NA
754,obstruction,62,-2127,56,gravel,NA
755,obstruction,60,-2126,56,gravel,NA
756,obstruction,61,-2126,56,gravel,NA
757,obstruction,62,-2126,56,gravel,NA
758,obstruction,60,-2125,56,gravel,NA
759,obstruction,61,-2125,56,gravel,NA
760,obstruction,60,-2114,56,gravel,NA
761,obstruction,61,-2114,56,gravel,NA
762,obstruction,62,-2114,56,gravel,NA
763,obstruction,60,-2113,56,gravel,NA
764,obstruction,61,-2113,56,gravel,NA
765,obstruction,62,-2113,56,gravel,NA
766,obstruction,60,-2112,56,gravel,NA
767,obstruction,61,-2112,56,gravel,NA
768,obstruction,60,-2094,56,gravel,NA
769,obstruction,61,-2094,56,gravel,NA
770,obstruction,62,-2094,56,gravel,NA
771,obstruction,60,-2093,56,gravel,NA
772,obstruction,61,-2093,56,gravel,NA
773,obstruction,62,-2093,56,gravel,NA
774,obstruction,60,-2092,56,gravel,NA
775,obstruction,61,-2092,56,gravel,NA
776,obstruction,60,-2223,57,gravel,NA
777,obstruction,61,-2223,57,gravel,NA
778,obstruction,62,-2223,57,gravel,NA
779,obstruction,60,-2131,57,gravel,NA
780,obstruction,61,-2131,57,gravel,NA
781,obstruction,62,-2131,57,gravel,NA
782,obstruction,60,-2130,57,gravel,NA
783,obstruction,61,-2130,57,gravel,NA
784,obstruction,62,-2130,57,gravel,NA
785,obstruction,60,-2129,57,gravel,NA
786,obstruction,61,-2129,57,gravel,NA
787,obstruction,62,-2129,57,gravel,NA
788,obstruction,60,-2094,57,gravel,NA
789,obstruction,61,-2094,57,gravel,NA
790,obstruction,62,-2094,57,gravel,NA
791,obstruction,60,-2092,57,gravel,NA
792,obstruction,61,-2092,57,gravel,NA
793,obstruction,60,-2223,58,gravel,NA
794,obstruction,61,-2223,58,gravel,NA
795,obstruction,60,-2218,58,gravel,NA
796,obstruction,61,-2218,58,gravel,NA
797,obstruction,60,-2209,58,gravel,NA
798,obstruction,61,-2209,58,gravel,NA
799,obstruction,62,-2209,58,gravel,NA
800,obstruction,60,-2208,58,gravel,NA
801,obstruction,61,-2208,58,gravel,NA
802,obstruction,62,-2208,58,gravel,NA
803,obstruction,60,-2207,58,gravel,NA
804,obstruction,61,-2207,58,gravel,NA
805,obstruction,60,-2202,58,gravel,NA
806,obstruction,61,-2202,58,gravel,NA
807,obstruction,62,-2202,58,gravel,NA
808,obstruction,60,-2201,58,gravel,NA
809,obstruction,61,-2201,58,gravel,NA
810,obstruction,62,-2201,58,gravel,NA
811,obstruction,60,-2200,58,gravel,NA
812,obstruction,61,-2200,58,gravel,NA
813,obstruction,60,-2191,58,gravel,NA
814,obstruction,61,-2191,58,gravel,NA
815,obstruction,60,-2190,58,gravel,NA
816,obstruction,61,-2190,58,gravel,NA
817,obstruction,62,-2190,58,gravel,NA
818,obstruction,60,-2189,58,gravel,NA
819,obstruction,61,-2189,58,gravel,NA
820,obstruction,62,-2189,58,gravel,NA
821,obstruction,60,-2094,58,gravel,NA
822,obstruction,61,-2094,58,gravel,NA
823,obstruction,62,-2094,58,gravel,NA
824,obstruction,60,-2093,58,gravel,NA
825,obstruction,61,-2093,58,gravel,NA
826,obstruction,62,-2093,58,gravel,NA
827,obstruction,60,-2209,59,gravel,NA
828,obstruction,61,-2209,59,gravel,NA
829,obstruction,62,-2209,59,gravel,NA
830,obstruction,60,-2207,59,gravel,NA
831,obstruction,61,-2207,59,gravel,NA
832,obstruction,60,-2200,59,gravel,NA
833,obstruction,61,-2200,59,gravel,NA
834,obstruction,60,-2191,59,gravel,NA
835,obstruction,61,-2191,59,gravel,NA
836,obstruction,60,-2189,59,gravel,NA
837,obstruction,61,-2189,59,gravel,NA
838,obstruction,62,-2189,59,gravel,NA
